id,active,name
1,true,mortgage
2,true,food
3,true,dog food
4,true,The Good Stuff
5,true,The Better Stuff
6,true,The Best Stuff
7,true,Payment 1
8,true,Payment 2 - 1
9,true,Payment 2
10,true,Payment 2 - 2
11,true,Payment 3
12,true,Payment 2 - 3
13,true,Payment 4
14,true,Payment 2 - 4
15,true,Payment 5
16,true,Payment 2 - 5
17,true,Payment 6
18,true,Payment 2 - 6
19,true,Payment 7
20,true,Payment 2 - 7
21,true,Payment 8
22,true,Payment 2 - 8
23,true,Payment 9
24,true,Payment 2 - 9
25,true,Payment 10
26,true,Payment 2 - 10
27,true,Payment 11
28,true,Payment 2 - 11
29,true,Payment 12
30,true,Payment 2 - 12
31,true,Payment 13
32,true,Payment 2 - 13
33,true,Payment 14
34,true,Payment 2 - 14
35,true,Payment 15
36,true,Payment 2 - 15
37,true,Payment 16
38,true,Payment 2 - 16
39,true,Payment 17
40,true,Payment 2 - 17
41,true,Payment 18
42,true,Payment 2 - 18
43,true,Payment 19
44,true,Payment 2 - 19
45,true,Payment 20
46,true,Payment 2 - 20
47,true,Payment 21
48,true,Payment 2 - 21
49,true,Payment 22
50,true,Payment 2 - 22
51,true,Payment 23
52,true,Payment 2 - 23
53,true,Payment 24
54,true,Payment 2 - 24
55,true,Payment 25
56,true,Payment 2 - 25
57,true,Payment 26
58,true,Payment 2 - 26
59,true,Payment 27
60,true,Payment 2 - 27
61,true,Payment 28
62,true,Payment 2 - 28
